r,height,rbmax,hb1,hb2,nheight,ntheta
11.587141232818139,131.0,8.196734804779519,0.2,131.0,1311,30
